Category,Subcategory,Number Of Reviews,Link,scanned
שרותי הובלות,הובלת דירה בת חדר ,21630,https://www.midrag.co.il/Content/FeedbacksIndex/155685,0
שרותי הובלות,הובלה של 2 דירות לדירה ,6120,https://www.midrag.co.il/Content/FeedbacksIndex/1664,0
שרותי הובלות,הובלה ואריזה מדירה לדירה ,3505,https://www.midrag.co.il/Content/FeedbacksIndex/665113,0
שרותי הובלות,הובלה של חדר מתל אביב ,4910,https://www.midrag.co.il/Content/FeedbacksIndex/30458,0
שרותי הובלות,הובלת דירת חדר מתל אביב ,4483,https://www.midrag.co.il/Content/FeedbacksIndex/60554,0
שרותי הובלות,הובלת רהיטים מדירה ,3288,https://www.midrag.co.il/Content/FeedbacksIndex/355130,0
שרותי הובלות,הובלת ארון מחדר ,2858,https://www.midrag.co.il/Content/FeedbacksIndex/56654,0
שרותי הובלות,הובלת מיטה מדירה ,2818,https://www.midrag.co.il/Content/FeedbacksIndex/501500,0
שרותי הובלות,הובלה של דירה מירושלים ,2052,https://www.midrag.co.il/Content/FeedbacksIndex/1774,0
שרותי הובלות,הובלת חדר מירושלים ,1763,https://www.midrag.co.il/Content/FeedbacksIndex/110967,0
שרותי הובלות,הובלת דירת חדר מירושלים ,1615,https://www.midrag.co.il/Content/FeedbacksIndex/65503,0
שרותי הובלות,הובלת חדר בתוך תל אביב ,2046,https://www.midrag.co.il/Content/FeedbacksIndex/132111,0
שרותי הובלות,הובלת דירת חדר בתוך תל אביב ,1872,https://www.midrag.co.il/Content/FeedbacksIndex/80924,0
שרותי הובלות,הובלת מיטה וארון ,1423,https://www.midrag.co.il/Content/FeedbacksIndex/156151,0
שרותי הובלות,הובלה של דירה וחצי ,1594,https://www.midrag.co.il/Content/FeedbacksIndex/80898,0
שרותי הובלות,הובלה של חדר וחצי ,1558,https://www.midrag.co.il/Content/FeedbacksIndex/83649,0
שרותי הובלות,הובלת דירה מרמת גן ,1561,https://www.midrag.co.il/Content/FeedbacksIndex/2417,0
שרותי הובלות,הובלת דירה בת שני חדרים מתל אביב ,1811,https://www.midrag.co.il/Content/FeedbacksIndex/673370,0
שרותי הובלות,הובלת דירה מחיפה ,1369,https://www.midrag.co.il/Content/FeedbacksIndex/72585,0
שרותי הובלות,הובלה של תכולת דירה בת חדר ,1380,https://www.midrag.co.il/Content/FeedbacksIndex/65492,0
שרותי הובלות,הובלה ואריזה של דירה בת 4 חדרים ,809,https://www.midrag.co.il/Content/FeedbacksIndex/546702,0
שרותי הובלות,הובלת חדר מרמת גן ,1406,https://www.midrag.co.il/Content/FeedbacksIndex/156407,0
שרותי הובלות,הובלת חדר מחיפה ,1209,https://www.midrag.co.il/Content/FeedbacksIndex/356067,0
שרותי הובלות,הובלת דירת חדר מרמת גן ,1309,https://www.midrag.co.il/Content/FeedbacksIndex/156246,0
שרותי הובלות,הובלה של דירת חדר מחיפה ,1127,https://www.midrag.co.il/Content/FeedbacksIndex/208707,0
שרותי הובלות,הובלת דירה מגבעתיים ,1267,https://www.midrag.co.il/Content/FeedbacksIndex/124265,0
שרותי הובלות,הובלת רהיטים מדירה בת שלושה חדרים ,1072,https://www.midrag.co.il/Content/FeedbacksIndex/1050493,0
שרותי הובלות,הובלת דירה מרחובות ,1076,https://www.midrag.co.il/Content/FeedbacksIndex/132585,0
שרותי הובלות,הובלה של דירה מהרצליה ,967,https://www.midrag.co.il/Content/FeedbacksIndex/355529,0
שרותי הובלות,הובלת חדר מגבעתיים ,1124,https://www.midrag.co.il/Content/FeedbacksIndex/209525,0
שרותי הובלות,הובלת חדר מרחובות ,962,https://www.midrag.co.il/Content/FeedbacksIndex/556519,0
שרותי הובלות,הובלת חדר מהרצליה ,882,https://www.midrag.co.il/Content/FeedbacksIndex/207979,0
שרותי הובלות,הובלת דירת חדר מגבעתיים ,1061,https://www.midrag.co.il/Content/FeedbacksIndex/271062,0
שרותי הובלות,הובלה של דירה מכפר סבא ,864,https://www.midrag.co.il/Content/FeedbacksIndex/85745,0
שרותי הובלות,הובלת דירה מראשון לציון ,1036,https://www.midrag.co.il/Content/FeedbacksIndex/155688,0
שרותי הובלות,הובלת דירת חדר מרחובות ,903,https://www.midrag.co.il/Content/FeedbacksIndex/208483,0
שרותי הובלות,הובלת דירת חדר מהרצליה ,808,https://www.midrag.co.il/Content/FeedbacksIndex/270617,0
שרותי הובלות,הובלת דירה בתוך ירושלים ,811,https://www.midrag.co.il/Content/FeedbacksIndex/72523,0
שרותי הובלות,הובלת דירה ממודיעין ,710,https://www.midrag.co.il/Content/FeedbacksIndex/2078,0
שרותי הובלות,הובלה של דירת חדר מראשון לציון ,840,https://www.midrag.co.il/Content/FeedbacksIndex/355271,0
שרותי הובלות,הובלת רהיטים מתל אביב ,962,https://www.midrag.co.il/Content/FeedbacksIndex/111150,0
שרותי הובלות,הובלת חדר בתוך ירושלים ,722,https://www.midrag.co.il/Content/FeedbacksIndex/132640,0
שרותי הובלות,הובלה של דירת שלושה חדרים מירושלים ,687,https://www.midrag.co.il/Content/FeedbacksIndex/1709,0
שרותי הובלות,הובלת דירת חדר בתוך ירושלים ,661,https://www.midrag.co.il/Content/FeedbacksIndex/76951,0
שרותי הובלות,הובלה של דירה מחולון ,878,https://www.midrag.co.il/Content/FeedbacksIndex/2259,0
שרותי הובלות,הובלת דירת חדר ממודיעין ,572,https://www.midrag.co.il/Content/FeedbacksIndex/357306,0
שרותי הובלות,הובלת מיטה מתל אביב ,1155,https://www.midrag.co.il/Content/FeedbacksIndex/65566,0
שרותי הובלות,הובלה של דירה מרעננה ,622,https://www.midrag.co.il/Content/FeedbacksIndex/72671,0
שרותי הובלות,הובלה של דירה לבית ,673,https://www.midrag.co.il/Content/FeedbacksIndex/501165,0
שרותי הובלות,הובלה של דירה מעיר ,718,https://www.midrag.co.il/Content/FeedbacksIndex/357469,0
שרותי הובלות,הובלת דירת 4 חדרים מתל אביב ,530,https://www.midrag.co.il/Content/FeedbacksIndex/777915,0
שרותי הובלות,הובלת דירה בת שלושה בתוך תל אביב ,701,https://www.midrag.co.il/Content/FeedbacksIndex/355578,0
שרותי הובלות,הובלת דירה מנתניה ,645,https://www.midrag.co.il/Content/FeedbacksIndex/1426,0
שרותי הובלות,הובלת ארון מתל אביב ,821,https://www.midrag.co.il/Content/FeedbacksIndex/208362,0
שרותי הובלות,הובלה של דירה בת שלושה חדרים בתוך תל אביב ,683,https://www.midrag.co.il/Content/FeedbacksIndex/660654,0
שרותי הובלות,הובלת דירה מהוד השרון ,609,https://www.midrag.co.il/Content/FeedbacksIndex/270649,0
שרותי הובלות,הובלת דירת חדר מחולון ,717,https://www.midrag.co.il/Content/FeedbacksIndex/208056,0
שרותי הובלות,הובלת חדר מנתניה ,579,https://www.midrag.co.il/Content/FeedbacksIndex/356446,0
שרותי הובלות,הובלה של דירת חדר מרעננה ,513,https://www.midrag.co.il/Content/FeedbacksIndex/271100,0
שרותי הובלות,הובלה מפתח תקווה ,811,https://www.midrag.co.il/Content/FeedbacksIndex/661868,0
שרותי הובלות,הובלה בתוך תל אביב של 2 חדרים ,813,https://www.midrag.co.il/Content/FeedbacksIndex/570022,0
שרותי הובלות,הובלה של בית פרטי לבית ,412,https://www.midrag.co.il/Content/FeedbacksIndex/355281,0
שרותי הובלות,הובלת דירת חדר מנתניה ,532,https://www.midrag.co.il/Content/FeedbacksIndex/271083,0
שרותי הובלות,הובלה של דירה מקרית ,595,https://www.midrag.co.il/Content/FeedbacksIndex/155761,0
שרותי הובלות,הובלת רהיטים וקרטונים ,478,https://www.midrag.co.il/Content/FeedbacksIndex/1020863,0
שרותי הובלות,הובלת דירה מרמת אביב ,657,https://www.midrag.co.il/Content/FeedbacksIndex/1190,0
שרותי הובלות,הובלה של דירה מקומה קרקע ,739,https://www.midrag.co.il/Content/FeedbacksIndex/1080,0
שרותי הובלות,הובלה של דירה בת שלושה חדרים מחיפה ,536,https://www.midrag.co.il/Content/FeedbacksIndex/666659,0
שרותי הובלות,הובלת חדר מקרית ,526,https://www.midrag.co.il/Content/FeedbacksIndex/270129,0
שרותי הובלות,הובלת דירה בתוך העיר ,544,https://www.midrag.co.il/Content/FeedbacksIndex/46897,0
שרותי הובלות,הובלת דירת חדר מקרית ,498,https://www.midrag.co.il/Content/FeedbacksIndex/208783,0
שרותי הובלות,הובלה של דירת 3 חדרים מרמת גן ,518,https://www.midrag.co.il/Content/FeedbacksIndex/556301,0
שרותי הובלות,הובלת דירה מרמת השרון ,448,https://www.midrag.co.il/Content/FeedbacksIndex/1436,0
שרותי הובלות,העברת דירה של חדר ,546,https://www.midrag.co.il/Content/FeedbacksIndex/177954,0
שרותי הובלות,הובלה של רהיטים משתי דירות ,540,https://www.midrag.co.il/Content/FeedbacksIndex/487534,0
שרותי הובלות,הובלה של דירה בת שבעה חדרים ,346,https://www.midrag.co.il/Content/FeedbacksIndex/778000,0
שרותי הובלות,הובלה של ארגזים מדירה ,479,https://www.midrag.co.il/Content/FeedbacksIndex/1042807,0
שרותי הובלות,הובלת מקרר מדירה ,544,https://www.midrag.co.il/Content/FeedbacksIndex/1454,0
שרותי הובלות,הובלת דירה מפתח ,414,https://www.midrag.co.il/Content/FeedbacksIndex/493129,0
שרותי הובלות,הובלת דירה ומחסן ,397,https://www.midrag.co.il/Content/FeedbacksIndex/208588,0
שרותי הובלות,הובלת דירה מפתח תקווה ,413,https://www.midrag.co.il/Content/FeedbacksIndex/659968,0
שרותי הובלות,הובלה של דירה בתוך חיפה ,491,https://www.midrag.co.il/Content/FeedbacksIndex/94949,0
שרותי הובלות,הובלת דירת חדר בתוך העיר ,443,https://www.midrag.co.il/Content/FeedbacksIndex/359567,0
שרותי הובלות,הובלה של דירת 3 חדרים מגבעתיים ,456,https://www.midrag.co.il/Content/FeedbacksIndex/2877,0
שרותי הובלות,הובלת דירת שני חדרים מירושלים ,447,https://www.midrag.co.il/Content/FeedbacksIndex/503705,0
שרותי הובלות,הובלת דירת חדר מרמת השרון ,361,https://www.midrag.co.il/Content/FeedbacksIndex/270544,0
שרותי הובלות,הובלה של דירה בת ארבעה חדרים מירושלים ,298,https://www.midrag.co.il/Content/FeedbacksIndex/666650,0
שרותי הובלות,הובלה של תכולת דירה מתל אביב ,525,https://www.midrag.co.il/Content/FeedbacksIndex/60522,0
שרותי הובלות,הובלת חדר בתוך חיפה ,449,https://www.midrag.co.il/Content/FeedbacksIndex/356073,0
שרותי הובלות,הובלת דירת חדר מפתח ,354,https://www.midrag.co.il/Content/FeedbacksIndex/499657,0
שרותי הובלות,הובלה של דירת חדר מפתח תקווה ,353,https://www.midrag.co.il/Content/FeedbacksIndex/672850,0
שרותי הובלות,הובלת פסנתר מדירה ,293,https://www.midrag.co.il/Content/FeedbacksIndex/493393,0
שרותי הובלות,הובלת קרטונים מתל אביב ,426,https://www.midrag.co.il/Content/FeedbacksIndex/132545,0
שרותי הובלות,הובלת רהיטים מירושלים ,373,https://www.midrag.co.il/Content/FeedbacksIndex/357660,0
שרותי הובלות,הובלת דירת חדר בתוך חיפה ,416,https://www.midrag.co.il/Content/FeedbacksIndex/116863,0
שרותי הובלות,הובלת דירת 2 חדרים מרמת גן ,495,https://www.midrag.co.il/Content/FeedbacksIndex/501447,0
שרותי הובלות,הובלת ארון מירושלים ,352,https://www.midrag.co.il/Content/FeedbacksIndex/210068,0
שרותי הובלות,הובלת דירה בתוך רחובות ,377,https://www.midrag.co.il/Content/FeedbacksIndex/72572,0
שרותי הובלות,הובלה של דירה גדולה ,334,https://www.midrag.co.il/Content/FeedbacksIndex/1033,0
שרותי הובלות,הובלה של תכולת דירה בת 4 חדרים ,324,https://www.midrag.co.il/Content/FeedbacksIndex/567871,0
שרותי הובלות,הובלת דירה בת חדר ,21630,https://www.midrag.co.il/Content/FeedbacksIndex/155685,0
שרותי הובלות,הובלה של 2 דירות לדירה ,6120,https://www.midrag.co.il/Content/FeedbacksIndex/1664,0
שרותי הובלות,הובלה ואריזה מדירה לדירה ,3505,https://www.midrag.co.il/Content/FeedbacksIndex/665113,0
שרותי הובלות,הובלה של חדר מתל אביב ,4910,https://www.midrag.co.il/Content/FeedbacksIndex/30458,0
שרותי הובלות,הובלת דירת חדר מתל אביב ,4483,https://www.midrag.co.il/Content/FeedbacksIndex/60554,0
שרותי הובלות,הובלת רהיטים מדירה ,3288,https://www.midrag.co.il/Content/FeedbacksIndex/355130,0
שרותי הובלות,הובלת ארון מחדר ,2858,https://www.midrag.co.il/Content/FeedbacksIndex/56654,0
שרותי הובלות,הובלת מיטה מדירה ,2818,https://www.midrag.co.il/Content/FeedbacksIndex/501500,0
שרותי הובלות,הובלה של דירה מירושלים ,2052,https://www.midrag.co.il/Content/FeedbacksIndex/1774,0
שרותי הובלות,הובלת חדר מירושלים ,1763,https://www.midrag.co.il/Content/FeedbacksIndex/110967,0
שרותי הובלות,הובלת דירת חדר מירושלים ,1615,https://www.midrag.co.il/Content/FeedbacksIndex/65503,0
שרותי הובלות,הובלת חדר בתוך תל אביב ,2046,https://www.midrag.co.il/Content/FeedbacksIndex/132111,0
שרותי הובלות,הובלת דירת חדר בתוך תל אביב ,1872,https://www.midrag.co.il/Content/FeedbacksIndex/80924,0
שרותי הובלות,הובלת מיטה וארון ,1423,https://www.midrag.co.il/Content/FeedbacksIndex/156151,0
שרותי הובלות,הובלה של דירה וחצי ,1594,https://www.midrag.co.il/Content/FeedbacksIndex/80898,0
שרותי הובלות,הובלה של חדר וחצי ,1558,https://www.midrag.co.il/Content/FeedbacksIndex/83649,0
שרותי הובלות,הובלת דירה מרמת גן ,1561,https://www.midrag.co.il/Content/FeedbacksIndex/2417,0
שרותי הובלות,הובלת דירה בת שני חדרים מתל אביב ,1811,https://www.midrag.co.il/Content/FeedbacksIndex/673370,0
שרותי הובלות,הובלת דירה מחיפה ,1369,https://www.midrag.co.il/Content/FeedbacksIndex/72585,0
שרותי הובלות,הובלה של תכולת דירה בת חדר ,1380,https://www.midrag.co.il/Content/FeedbacksIndex/65492,0
שרותי הובלות,הובלה ואריזה של דירה בת 4 חדרים ,809,https://www.midrag.co.il/Content/FeedbacksIndex/546702,0
שרותי הובלות,הובלת חדר מרמת גן ,1406,https://www.midrag.co.il/Content/FeedbacksIndex/156407,0
שרותי הובלות,הובלת חדר מחיפה ,1209,https://www.midrag.co.il/Content/FeedbacksIndex/356067,0
שרותי הובלות,הובלת דירת חדר מרמת גן ,1309,https://www.midrag.co.il/Content/FeedbacksIndex/156246,0
שרותי הובלות,הובלה של דירת חדר מחיפה ,1127,https://www.midrag.co.il/Content/FeedbacksIndex/208707,0
שרותי הובלות,הובלת דירה מגבעתיים ,1267,https://www.midrag.co.il/Content/FeedbacksIndex/124265,0
שרותי הובלות,הובלת רהיטים מדירה בת שלושה חדרים ,1072,https://www.midrag.co.il/Content/FeedbacksIndex/1050493,0
שרותי הובלות,הובלת דירה מרחובות ,1076,https://www.midrag.co.il/Content/FeedbacksIndex/132585,0
שרותי הובלות,הובלה של דירה מהרצליה ,967,https://www.midrag.co.il/Content/FeedbacksIndex/355529,0
שרותי הובלות,הובלת חדר מגבעתיים ,1124,https://www.midrag.co.il/Content/FeedbacksIndex/209525,0
שרותי הובלות,הובלת חדר מרחובות ,962,https://www.midrag.co.il/Content/FeedbacksIndex/556519,0
שרותי הובלות,הובלת חדר מהרצליה ,882,https://www.midrag.co.il/Content/FeedbacksIndex/207979,0
שרותי הובלות,הובלת דירת חדר מגבעתיים ,1061,https://www.midrag.co.il/Content/FeedbacksIndex/271062,0
שרותי הובלות,הובלה של דירה מכפר סבא ,864,https://www.midrag.co.il/Content/FeedbacksIndex/85745,0
שרותי הובלות,הובלת דירה מראשון לציון ,1036,https://www.midrag.co.il/Content/FeedbacksIndex/155688,0
שרותי הובלות,הובלת דירת חדר מרחובות ,903,https://www.midrag.co.il/Content/FeedbacksIndex/208483,0
שרותי הובלות,הובלת דירת חדר מהרצליה ,808,https://www.midrag.co.il/Content/FeedbacksIndex/270617,0
שרותי הובלות,הובלת דירה בתוך ירושלים ,811,https://www.midrag.co.il/Content/FeedbacksIndex/72523,0
שרותי הובלות,הובלת דירה ממודיעין ,710,https://www.midrag.co.il/Content/FeedbacksIndex/2078,0
שרותי הובלות,הובלה של דירת חדר מראשון לציון ,840,https://www.midrag.co.il/Content/FeedbacksIndex/355271,0
שרותי הובלות,הובלת רהיטים מתל אביב ,962,https://www.midrag.co.il/Content/FeedbacksIndex/111150,0
שרותי הובלות,הובלת חדר בתוך ירושלים ,722,https://www.midrag.co.il/Content/FeedbacksIndex/132640,0
שרותי הובלות,הובלה של דירת שלושה חדרים מירושלים ,687,https://www.midrag.co.il/Content/FeedbacksIndex/1709,0
שרותי הובלות,הובלת דירת חדר בתוך ירושלים ,661,https://www.midrag.co.il/Content/FeedbacksIndex/76951,0
שרותי הובלות,הובלה של דירה מחולון ,878,https://www.midrag.co.il/Content/FeedbacksIndex/2259,0
שרותי הובלות,הובלת דירת חדר ממודיעין ,572,https://www.midrag.co.il/Content/FeedbacksIndex/357306,0
שרותי הובלות,הובלת מיטה מתל אביב ,1155,https://www.midrag.co.il/Content/FeedbacksIndex/65566,0
שרותי הובלות,הובלה של דירה מרעננה ,622,https://www.midrag.co.il/Content/FeedbacksIndex/72671,0
שרותי הובלות,הובלה של דירה לבית ,673,https://www.midrag.co.il/Content/FeedbacksIndex/501165,0
שרותי הובלות,הובלה של דירה מעיר ,718,https://www.midrag.co.il/Content/FeedbacksIndex/357469,0
שרותי הובלות,הובלת דירת 4 חדרים מתל אביב ,530,https://www.midrag.co.il/Content/FeedbacksIndex/777915,0
שרותי הובלות,הובלת דירה בת שלושה בתוך תל אביב ,701,https://www.midrag.co.il/Content/FeedbacksIndex/355578,0
שרותי הובלות,הובלת דירה מנתניה ,645,https://www.midrag.co.il/Content/FeedbacksIndex/1426,0
שרותי הובלות,הובלת ארון מתל אביב ,821,https://www.midrag.co.il/Content/FeedbacksIndex/208362,0
שרותי הובלות,הובלה של דירה בת שלושה חדרים בתוך תל אביב ,683,https://www.midrag.co.il/Content/FeedbacksIndex/660654,0
שרותי הובלות,הובלת דירה מהוד השרון ,609,https://www.midrag.co.il/Content/FeedbacksIndex/270649,0
שרותי הובלות,הובלת דירת חדר מחולון ,717,https://www.midrag.co.il/Content/FeedbacksIndex/208056,0
שרותי הובלות,הובלת חדר מנתניה ,579,https://www.midrag.co.il/Content/FeedbacksIndex/356446,0
שרותי הובלות,הובלה של דירת חדר מרעננה ,513,https://www.midrag.co.il/Content/FeedbacksIndex/271100,0
שרותי הובלות,הובלה מפתח תקווה ,811,https://www.midrag.co.il/Content/FeedbacksIndex/661868,0
