URL,Scanned
https://www.midrag.co.il/Content/LttrInSec/27?lttr=%D7%90&lttrAsc=224,1
https://www.midrag.co.il/Content/LttrInSec/27?lttr=%D7%91&lttrAsc=225,1
https://www.midrag.co.il/Content/LttrInSec/27?lttr=%D7%94&lttrAsc=228,1
https://www.midrag.co.il/Content/LttrInSec/27?lttr=%D7%96&lttrAsc=230,1
https://www.midrag.co.il/Content/LttrInSec/27?lttr=%D7%97&lttrAsc=231,1
https://www.midrag.co.il/Content/LttrInSec/27?lttr=%D7%98&lttrAsc=232,1
https://www.midrag.co.il/Content/LttrInSec/27?lttr=%D7%A0&lttrAsc=240,1
https://www.midrag.co.il/Content/LttrInSec/27?lttr=%D7%A4&lttrAsc=244,1
https://www.midrag.co.il/Content/LttrInSec/27?lttr=%D7%A8&lttrAsc=248,1
https://www.midrag.co.il/Content/LttrInSec/27?lttr=%D7%A9&lttrAsc=249,1
https://www.midrag.co.il/Content/LttrInSec/27?lttr=%D7%AA&lttrAsc=250,1
https://www.midrag.co.il/Content/LttrInSec/21?lttr=%D7%90&lttrAsc=224,1
https://www.midrag.co.il/Content/LttrInSec/21?lttr=%D7%91&lttrAsc=225,1
https://www.midrag.co.il/Content/LttrInSec/21?lttr=%D7%94&lttrAsc=228,1
https://www.midrag.co.il/Content/LttrInSec/21?lttr=%D7%97&lttrAsc=231,1
https://www.midrag.co.il/Content/LttrInSec/21?lttr=%D7%98&lttrAsc=232,1
https://www.midrag.co.il/Content/LttrInSec/21?lttr=%D7%99&lttrAsc=233,1
https://www.midrag.co.il/Content/LttrInSec/21?lttr=%D7%9B&lttrAsc=235,1
https://www.midrag.co.il/Content/LttrInSec/21?lttr=%D7%A1&lttrAsc=241,1
https://www.midrag.co.il/Content/LttrInSec/21?lttr=%D7%A4&lttrAsc=244,1
https://www.midrag.co.il/Content/LttrInSec/21?lttr=%D7%A9&lttrAsc=249,1
https://www.midrag.co.il/Content/LttrInSec/21?lttr=%D7%AA&lttrAsc=250,1
